<?xml version="1.0" encoding="UTF-8"?>
<GenRun Id="impl_1" LaunchPart="xc7a35tcpg236-1" LaunchTime="1704283462">
  <File Type="BITSTR-BMM" Name="ProposedApproximateMultiplier_bd.bmm"/>
  <File Type="OPT-METHODOLOGY-DRC" Name="ProposedApproximateMultiplier_methodology_drc_opted.rpt"/>
  <File Type="INIT-TIMING" Name="ProposedApproximateMultiplier_timing_summary_init.rpt"/>
  <File Type="ROUTE-PWR" Name="ProposedApproximateMultiplier_power_routed.rpt"/>
  <File Type="PA-TCL" Name="ProposedApproximateMultiplier.tcl"/>
  <File Type="OPT-TIMING" Name="ProposedApproximateMultiplier_timing_summary_opted.rpt"/>
  <File Type="OPT-DCP" Name="ProposedApproximateMultiplier_opt.dcp"/>
  <File Type="ROUTE-PWR-SUM" Name="ProposedApproximateMultiplier_power_summary_routed.pb"/>
  <File Type="REPORTS-TCL" Name="ProposedApproximateMultiplier_reports.tcl"/>
  <File Type="OPT-DRC" Name="ProposedApproximateMultiplier_drc_opted.rpt"/>
  <File Type="OPT-HWDEF" Name="ProposedApproximateMultiplier.hwdef"/>
  <File Type="PWROPT-DCP" Name="ProposedApproximateMultiplier_pwropt.dcp"/>
  <File Type="PWROPT-DRC" Name="ProposedApproximateMultiplier_drc_pwropted.rpt"/>
  <File Type="PWROPT-TIMING" Name="ProposedApproximateMultiplier_timing_summary_pwropted.rpt"/>
  <File Type="PLACE-DCP" Name="ProposedApproximateMultiplier_placed.dcp"/>
  <File Type="PLACE-IO" Name="ProposedApproximateMultiplier_io_placed.rpt"/>
  <File Type="PLACE-CLK" Name="ProposedApproximateMultiplier_clock_utilization_placed.rpt"/>
  <File Type="PLACE-UTIL" Name="ProposedApproximateMultiplier_utilization_placed.rpt"/>
  <File Type="PLACE-UTIL-PB" Name="ProposedApproximateMultiplier_utilization_placed.pb"/>
  <File Type="PLACE-CTRL" Name="ProposedApproximateMultiplier_control_sets_placed.rpt"/>
  <File Type="PLACE-SIMILARITY" Name="ProposedApproximateMultiplier_incremental_reuse_placed.rpt"/>
  <File Type="PLACE-PRE-SIMILARITY" Name="ProposedApproximateMultiplier_incremental_reuse_pre_placed.rpt"/>
  <File Type="BG-BGN" Name="ProposedApproximateMultiplier.bgn"/>
  <File Type="PLACE-TIMING" Name="ProposedApproximateMultiplier_timing_summary_placed.rpt"/>
  <File Type="POSTPLACE-PWROPT-DCP" Name="ProposedApproximateMultiplier_postplace_pwropt.dcp"/>
  <File Type="BG-BIN" Name="ProposedApproximateMultiplier.bin"/>
  <File Type="POSTPLACE-PWROPT-TIMING" Name="ProposedApproximateMultiplier_timing_summary_postplace_pwropted.rpt"/>
  <File Type="PHYSOPT-DCP" Name="ProposedApproximateMultiplier_physopt.dcp"/>
  <File Type="PHYSOPT-DRC" Name="ProposedApproximateMultiplier_drc_physopted.rpt"/>
  <File Type="BITSTR-MSK" Name="ProposedApproximateMultiplier.msk"/>
  <File Type="PHYSOPT-TIMING" Name="ProposedApproximateMultiplier_timing_summary_physopted.rpt"/>
  <File Type="ROUTE-ERROR-DCP" Name="ProposedApproximateMultiplier_routed_error.dcp"/>
  <File Type="ROUTE-DCP" Name="ProposedApproximateMultiplier_routed.dcp"/>
  <File Type="ROUTE-BLACKBOX-DCP" Name="ProposedApproximateMultiplier_routed_bb.dcp"/>
  <File Type="ROUTE-DRC" Name="ProposedApproximateMultiplier_drc_routed.rpt"/>
  <File Type="ROUTE-DRC-PB" Name="ProposedApproximateMultiplier_drc_routed.pb"/>
  <File Type="BITSTR-LTX" Name="debug_nets.ltx"/>
  <File Type="BITSTR-LTX" Name="ProposedApproximateMultiplier.ltx"/>
  <File Type="ROUTE-DRC-RPX" Name="ProposedApproximateMultiplier_drc_routed.rpx"/>
  <File Type="BITSTR-MMI" Name="ProposedApproximateMultiplier.mmi"/>
  <File Type="ROUTE-METHODOLOGY-DRC" Name="ProposedApproximateMultiplier_methodology_drc_routed.rpt"/>
  <File Type="ROUTE-METHODOLOGY-DRC-RPX" Name="ProposedApproximateMultiplier_methodology_drc_routed.rpx"/>
  <File Type="BITSTR-SYSDEF" Name="ProposedApproximateMultiplier.sysdef"/>
  <File Type="ROUTE-METHODOLOGY-DRC-PB" Name="ProposedApproximateMultiplier_methodology_drc_routed.pb"/>
  <File Type="ROUTE-PWR-RPX" Name="ProposedApproximateMultiplier_power_routed.rpx"/>
  <File Type="ROUTE-STATUS" Name="ProposedApproximateMultiplier_route_status.rpt"/>
  <File Type="ROUTE-STATUS-PB" Name="ProposedApproximateMultiplier_route_status.pb"/>
  <File Type="ROUTE-TIMINGSUMMARY" Name="ProposedApproximateMultiplier_timing_summary_routed.rpt"/>
  <File Type="ROUTE-TIMING-PB" Name="ProposedApproximateMultiplier_timing_summary_routed.pb"/>
  <File Type="ROUTE-TIMING-RPX" Name="ProposedApproximateMultiplier_timing_summary_routed.rpx"/>
  <File Type="ROUTE-SIMILARITY" Name="ProposedApproximateMultiplier_incremental_reuse_routed.rpt"/>
  <File Type="ROUTE-CLK" Name="ProposedApproximateMultiplier_clock_utilization_routed.rpt"/>
  <File Type="ROUTE-BUS-SKEW" Name="ProposedApproximateMultiplier_bus_skew_routed.rpt"/>
  <File Type="ROUTE-BUS-SKEW-PB" Name="ProposedApproximateMultiplier_bus_skew_routed.pb"/>
  <File Type="ROUTE-BUS-SKEW-RPX" Name="ProposedApproximateMultiplier_bus_skew_routed.rpx"/>
  <File Type="POSTROUTE-PHYSOPT-DCP" Name="ProposedApproximateMultiplier_postroute_physopt.dcp"/>
  <File Type="POSTROUTE-PHYSOPT-BLACKBOX-DCP" Name="ProposedApproximateMultiplier_postroute_physopt_bb.dcp"/>
  <File Type="POSTROUTE-PHYSOPT-TIMING" Name="ProposedApproximateMultiplier_timing_summary_postroute_physopted.rpt"/>
  <File Type="POSTROUTE-PHYSOPT-TIMING-PB" Name="ProposedApproximateMultiplier_timing_summary_postroute_physopted.pb"/>
  <File Type="POSTROUTE-PHYSOPT-TIMING-RPX" Name="ProposedApproximateMultiplier_timing_summary_postroute_physopted.rpx"/>
  <File Type="POSTROUTE-PHYSOPT-BUS-SKEW" Name="ProposedApproximateMultiplier_bus_skew_postroute_physopted.rpt"/>
  <File Type="POSTROUTE-PHYSOPT-BUS-SKEW-PB" Name="ProposedApproximateMultiplier_bus_skew_postroute_physopted.pb"/>
  <File Type="BG-BIT" Name="ProposedApproximateMultiplier.bit"/>
  <File Type="POSTROUTE-PHYSOPT-BUS-SKEW-RPX" Name="ProposedApproximateMultiplier_bus_skew_postroute_physopted.rpx"/>
  <File Type="BITSTR-RBT" Name="ProposedApproximateMultiplier.rbt"/>
  <File Type="BITSTR-NKY" Name="ProposedApproximateMultiplier.nky"/>
  <File Type="BG-DRC" Name="ProposedApproximateMultiplier.drc"/>
  <File Type="RDI-RDI" Name="ProposedApproximateMultiplier.vdi"/>
  <File Type="WBT-USG" Name="usage_statistics_webtalk.html"/>
  <FileSet Name="sources" Type="DesignSrcs" RelSrcDir="$PSRCDIR/sources_1">
    <Filter Type="Srcs"/>
    <File Path="$PSRCDIR/sources_1/imports/new/EDC4to2compressor.v">
      <FileInfo>
        <Attr Name="ImportPath" Val="X:/Sai Veena/2023-2024/ANALYSIS/OCTOBER/TK121701/TK121001/TK121001/CODE/baseCode.srcs/sources_1/new/EDC4to2compressor.v"/>
        <Attr Name="ImportTime" Val="1659526388"/>
        <Attr Name="UsedIn" Val="synthesis"/>
        <Attr Name="UsedIn" Val="implementation"/>
        <Attr Name="UsedIn" Val="simulation"/>
      </FileInfo>
    </File>
    <File Path="$PSRCDIR/sources_1/imports/new/Exact4to2compressor.v">
      <FileInfo>
        <Attr Name="ImportPath" Val="X:/Sai Veena/2023-2024/ANALYSIS/OCTOBER/TK121701/TK121001/TK121001/CODE/baseCode.srcs/sources_1/new/Exact4to2compressor.v"/>
        <Attr Name="ImportTime" Val="1659519188"/>
        <Attr Name="UsedIn" Val="synthesis"/>
        <Attr Name="UsedIn" Val="implementation"/>
        <Attr Name="UsedIn" Val="simulation"/>
      </FileInfo>
    </File>
    <File Path="$PSRCDIR/sources_1/imports/new/FullAdder.v">
      <FileInfo>
        <Attr Name="ImportPath" Val="X:/Sai Veena/2023-2024/ANALYSIS/OCTOBER/TK121701/TK121001/TK121001/CODE/baseCode.srcs/sources_1/new/FullAdder.v"/>
        <Attr Name="ImportTime" Val="1659518995"/>
        <Attr Name="UsedIn" Val="synthesis"/>
        <Attr Name="UsedIn" Val="implementation"/>
        <Attr Name="UsedIn" Val="simulation"/>
      </FileInfo>
    </File>
    <File Path="$PSRCDIR/sources_1/imports/new/HalfAdder.v">
      <FileInfo>
        <Attr Name="ImportPath" Val="X:/Sai Veena/2023-2024/ANALYSIS/OCTOBER/TK121701/TK121001/TK121001/CODE/baseCode.srcs/sources_1/new/HalfAdder.v"/>
        <Attr Name="ImportTime" Val="1659519033"/>
        <Attr Name="UsedIn" Val="synthesis"/>
        <Attr Name="UsedIn" Val="implementation"/>
        <Attr Name="UsedIn" Val="simulation"/>
      </FileInfo>
    </File>
    <File Path="$PSRCDIR/sources_1/imports/new/Proposed4to2compressor.v">
      <FileInfo>
        <Attr Name="ImportPath" Val="X:/Sai Veena/2023-2024/ANALYSIS/OCTOBER/TK121701/TK121001/TK121001/CODE/baseCode.srcs/sources_1/new/Proposed4to2compressor.v"/>
        <Attr Name="ImportTime" Val="1659519513"/>
        <Attr Name="UsedIn" Val="synthesis"/>
        <Attr Name="UsedIn" Val="implementation"/>
        <Attr Name="UsedIn" Val="simulation"/>
      </FileInfo>
    </File>
    <File Path="$PSRCDIR/sources_1/imports/new/ProposedApproximateMultiplier.v">
      <FileInfo>
        <Attr Name="ImportPath" Val="X:/Sai Veena/2023-2024/ANALYSIS/OCTOBER/TK121701/TK121001/TK121001/CODE/baseCode.srcs/sources_1/new/ProposedApproximateMultiplier.v"/>
        <Attr Name="ImportTime" Val="1660396138"/>
        <Attr Name="UsedIn" Val="synthesis"/>
        <Attr Name="UsedIn" Val="implementation"/>
        <Attr Name="UsedIn" Val="simulation"/>
      </FileInfo>
    </File>
    <Config>
      <Option Name="DesignMode" Val="RTL"/>
      <Option Name="TopModule" Val="ProposedApproximateMultiplier"/>
      <Option Name="TopAutoSet" Val="TRUE"/>
    </Config>
  </FileSet>
  <FileSet Name="constrs_in" Type="Constrs" RelSrcDir="$PSRCDIR/constrs_1">
    <Filter Type="Constrs"/>
    <File Path="$PSRCDIR/constrs_1/new/const.xdc">
      <FileInfo>
        <Attr Name="UsedIn" Val="synthesis"/>
        <Attr Name="UsedIn" Val="implementation"/>
      </FileInfo>
    </File>
    <Config>
      <Option Name="ConstrsType" Val="XDC"/>
    </Config>
  </FileSet>
  <FileSet Name="utils" Type="Utils" RelSrcDir="$PSRCDIR/utils_1">
    <Filter Type="Utils"/>
    <Config>
      <Option Name="TopAutoSet" Val="TRUE"/>
    </Config>
  </FileSet>
  <Strategy Version="1" Minor="2">
    <StratHandle Name="Vivado Implementation Defaults" Flow="Vivado Implementation 2018">
      <Desc>Default settings for Implementation.</Desc>
    </StratHandle>
    <Step Id="init_design"/>
    <Step Id="opt_design"/>
    <Step Id="power_opt_design"/>
    <Step Id="place_design"/>
    <Step Id="post_place_power_opt_design"/>
    <Step Id="phys_opt_design"/>
    <Step Id="route_design"/>
    <Step Id="post_route_phys_opt_design"/>
    <Step Id="write_bitstream"/>
  </Strategy>
</GenRun>
