<?xml version="1.0" encoding="UTF-8"?>
<GenRun Id="synth_1" LaunchPart="xc7a35tcpg236-1" LaunchTime="1704283420">
  <File Type="PA-TCL" Name="ProposedApproximateMultiplier.tcl"/>
  <File Type="RDS-PROPCONSTRS" Name="ProposedApproximateMultiplier_drc_synth.rpt"/>
  <File Type="REPORTS-TCL" Name="ProposedApproximateMultiplier_reports.tcl"/>
  <File Type="RDS-RDS" Name="ProposedApproximateMultiplier.vds"/>
  <File Type="RDS-UTIL" Name="ProposedApproximateMultiplier_utilization_synth.rpt"/>
  <File Type="RDS-UTIL-PB" Name="ProposedApproximateMultiplier_utilization_synth.pb"/>
  <File Type="RDS-DCP" Name="ProposedApproximateMultiplier.dcp"/>
  <File Type="VDS-TIMINGSUMMARY" Name="ProposedApproximateMultiplier_timing_summary_synth.rpt"/>
  <File Type="VDS-TIMING-PB" Name="ProposedApproximateMultiplier_timing_summary_synth.pb"/>
  <FileSet Name="sources" Type="DesignSrcs" RelSrcDir="$PSRCDIR/sources_1">
    <Filter Type="Srcs"/>
    <File Path="$PSRCDIR/sources_1/imports/new/EDC4to2compressor.v">
      <FileInfo>
        <Attr Name="ImportPath" Val="X:/Sai Veena/2023-2024/ANALYSIS/OCTOBER/TK121701/TK121001/TK121001/CODE/baseCode.srcs/sources_1/new/EDC4to2compressor.v"/>
        <Attr Name="ImportTime" Val="1659526388"/>
        <Attr Name="UsedIn" Val="synthesis"/>
        <Attr Name="UsedIn" Val="implementation"/>
        <Attr Name="UsedIn" Val="simulation"/>
      </FileInfo>
    </File>
    <File Path="$PSRCDIR/sources_1/imports/new/Exact4to2compressor.v">
      <FileInfo>
        <Attr Name="ImportPath" Val="X:/Sai Veena/2023-2024/ANALYSIS/OCTOBER/TK121701/TK121001/TK121001/CODE/baseCode.srcs/sources_1/new/Exact4to2compressor.v"/>
        <Attr Name="ImportTime" Val="1659519188"/>
        <Attr Name="UsedIn" Val="synthesis"/>
        <Attr Name="UsedIn" Val="implementation"/>
        <Attr Name="UsedIn" Val="simulation"/>
      </FileInfo>
    </File>
    <File Path="$PSRCDIR/sources_1/imports/new/FullAdder.v">
      <FileInfo>
        <Attr Name="ImportPath" Val="X:/Sai Veena/2023-2024/ANALYSIS/OCTOBER/TK121701/TK121001/TK121001/CODE/baseCode.srcs/sources_1/new/FullAdder.v"/>
        <Attr Name="ImportTime" Val="1659518995"/>
        <Attr Name="UsedIn" Val="synthesis"/>
        <Attr Name="UsedIn" Val="implementation"/>
        <Attr Name="UsedIn" Val="simulation"/>
      </FileInfo>
    </File>
    <File Path="$PSRCDIR/sources_1/imports/new/HalfAdder.v">
      <FileInfo>
        <Attr Name="ImportPath" Val="X:/Sai Veena/2023-2024/ANALYSIS/OCTOBER/TK121701/TK121001/TK121001/CODE/baseCode.srcs/sources_1/new/HalfAdder.v"/>
        <Attr Name="ImportTime" Val="1659519033"/>
        <Attr Name="UsedIn" Val="synthesis"/>
        <Attr Name="UsedIn" Val="implementation"/>
        <Attr Name="UsedIn" Val="simulation"/>
      </FileInfo>
    </File>
    <File Path="$PSRCDIR/sources_1/imports/new/Proposed4to2compressor.v">
      <FileInfo>
        <Attr Name="ImportPath" Val="X:/Sai Veena/2023-2024/ANALYSIS/OCTOBER/TK121701/TK121001/TK121001/CODE/baseCode.srcs/sources_1/new/Proposed4to2compressor.v"/>
        <Attr Name="ImportTime" Val="1659519513"/>
        <Attr Name="UsedIn" Val="synthesis"/>
        <Attr Name="UsedIn" Val="implementation"/>
        <Attr Name="UsedIn" Val="simulation"/>
      </FileInfo>
    </File>
    <File Path="$PSRCDIR/sources_1/imports/new/ProposedApproximateMultiplier.v">
      <FileInfo>
        <Attr Name="ImportPath" Val="X:/Sai Veena/2023-2024/ANALYSIS/OCTOBER/TK121701/TK121001/TK121001/CODE/baseCode.srcs/sources_1/new/ProposedApproximateMultiplier.v"/>
        <Attr Name="ImportTime" Val="1660396138"/>
        <Attr Name="UsedIn" Val="synthesis"/>
        <Attr Name="UsedIn" Val="implementation"/>
        <Attr Name="UsedIn" Val="simulation"/>
      </FileInfo>
    </File>
    <Config>
      <Option Name="DesignMode" Val="RTL"/>
      <Option Name="TopModule" Val="ProposedApproximateMultiplier"/>
      <Option Name="TopAutoSet" Val="TRUE"/>
    </Config>
  </FileSet>
  <FileSet Name="constrs_in" Type="Constrs" RelSrcDir="$PSRCDIR/constrs_1">
    <Filter Type="Constrs"/>
    <File Path="$PSRCDIR/constrs_1/new/const.xdc">
      <FileInfo>
        <Attr Name="UsedIn" Val="synthesis"/>
        <Attr Name="UsedIn" Val="implementation"/>
      </FileInfo>
    </File>
    <Config>
      <Option Name="ConstrsType" Val="XDC"/>
    </Config>
  </FileSet>
  <FileSet Name="utils" Type="Utils" RelSrcDir="$PSRCDIR/utils_1">
    <Filter Type="Utils"/>
    <Config>
      <Option Name="TopAutoSet" Val="TRUE"/>
    </Config>
  </FileSet>
  <Strategy Version="1" Minor="2">
    <StratHandle Name="Vivado Synthesis Defaults" Flow="Vivado Synthesis 2018">
      <Desc>Vivado Synthesis Defaults</Desc>
    </StratHandle>
    <Step Id="synth_design"/>
  </Strategy>
</GenRun>
